"DATA","ABERTURA","FECHAMENTO","VARIAÇÃO","MÍNIMO","MÁXIMO","VOLUME"
"28/12/2018","40,47","40,62","2,40","40,02","41,00","74,51M"
"27/12/2018","39,23","39,67","0,70","39,23","39,93","55,32M"
"26/12/2018","39,87","39,39","-1,59","39,01","39,88","45,26M"
"21/12/2018","40,31","40,03","-0,71","40,03","40,89","104,14M"
"20/12/2018","41,84","40,31","-2,48","40,02","42,16","60,56M"
"19/12/2018","42,04","41,34","-1,23","41,34","42,58","62,54M"
"18/12/2018","40,91","41,85","3,19","40,91","42,04","77,73M"
"17/12/2018","41,40","40,56","-2,34","40,56","41,46","37,32M"
"14/12/2018","40,72","41,53","0,55","40,68","42,03","42,73M"
"13/12/2018","40,40","41,30","1,85","40,39","41,38","38,67M"
"12/12/2018","40,04","40,55","2,28","39,94","40,95","49,18M"
"11/12/2018","40,90","39,65","-1,47","39,51","40,90","47,16M"
"10/12/2018","41,42","40,24","-3,09","40,24","41,71","43,83M"
"07/12/2018","41,20","41,52","0,07","40,50","42,62","97,07M"
"06/12/2018","40,14","41,49","1,44","40,14","41,49","61,56M"
"05/12/2018","40,81","40,90","1,22","40,33","40,90","23,99M"
"04/12/2018","41,21","40,41","-1,35","39,77","41,54","58,90M"
"03/12/2018","41,24","40,96","0,80","40,65","41,79","54,06M"
"30/11/2018","41,65","40,64","-1,79","40,64","41,84","91,68M"
"29/11/2018","40,72","41,38","1,09","40,35","41,65","63,04M"
"28/11/2018","39,85","40,93","2,45","39,63","41,07","56,91M"
"27/11/2018","38,85","39,95","3,19","38,76","40,06","71,39M"
"26/11/2018","40,27","38,72","-3,58","38,45","40,65","99,19M"
"23/11/2018","39,76","40,15","1,03","39,53","40,19","34,74M"
"22/11/2018","40,00","39,74","-1,09","39,63","40,42","29,36M"
"21/11/2018","40,18","40,18","-1,22","39,73","40,33","44,21M"
"19/11/2018","40,63","40,68","-0,63","40,03","40,71","46,88M"
"16/11/2018","39,95","40,93","3,44","39,85","40,93","67,59M"
"14/11/2018","39,48","39,57","0,24","39,03","40,01","46,24M"
"13/11/2018","40,07","39,48","-1,45","39,28","40,19","53,57M"
"12/11/2018","39,62","40,06","1,10","39,21","40,41","52,16M"
"09/11/2018","38,91","39,62","1,91","38,40","39,94","48,63M"
"08/11/2018","39,40","38,88","-1,21","38,81","39,94","50,86M"
"07/11/2018","39,71","39,35","0,05","38,91","39,93","85,96M"
"06/11/2018","38,91","39,33","-0,70","38,91","39,75","75,24M"
"05/11/2018","39,83","39,61","-0,38","38,95","40,03","195,71M"
"01/11/2018","40,50","39,76","-0,95","39,15","40,67","243,43M"
"31/10/2018","41,85","40,14","-5,17","39,48","42,52","174,43M"
"30/10/2018","41,37","42,33","4,05","40,49","42,74","99,36M"
"29/10/2018","42,60","40,68","-1,25","40,00","42,99","87,29M"
"26/10/2018","39,56","41,20","3,12","39,56","41,26","75,44M"
"25/10/2018","38,99","39,95","3,58","38,40","40,28","54,58M"
"24/10/2018","39,53","38,57","-2,62","38,43","39,53","54,58M"
"23/10/2018","38,16","39,61","1,14","37,88","39,86","78,10M"
"22/10/2018","38,56","39,16","2,74","38,56","39,46","57,67M"
"19/10/2018","38,54","38,12","-0,20","38,12","38,94","64,10M"
"18/10/2018","38,84","38,19","-2,45","38,19","39,15","41,23M"
"17/10/2018","38,71","39,15","0,32","38,30","39,74","56,27M"
"16/10/2018","38,53","39,03","3,27","38,02","39,03","56,53M"
"15/10/2018","38,24","37,79","1,02","37,72","38,28","40,90M"
"11/10/2018","39,00","37,41","-1,03","37,41","39,00","75,03M"
"10/10/2018","39,00","37,80","-4,70","37,80","39,59","65,75M"
"09/10/2018","39,48","39,67","0,41","39,36","40,20","81,67M"
"08/10/2018","41,02","39,50","5,57","39,44","41,02","123,89M"
"05/10/2018","38,47","37,42","-1,18","37,42","38,75","91,15M"
"04/10/2018","37,38","37,86","0,96","37,10","38,13","75,79M"
"03/10/2018","37,21","37,51","5,07","36,98","38,05","125,50M"
"02/10/2018","34,11","35,70","7,44","34,11","35,90","78,86M"
"01/10/2018","33,85","33,22","-1,82","33,17","33,96","28,38M"
"28/09/2018","33,84","33,84","-1,38","33,53","34,14","33,79M"
"27/09/2018","33,81","34,31","1,49","33,71","34,64","47,12M"
"26/09/2018","33,87","33,81","0,28","33,62","34,37","42,03M"
"25/09/2018","33,17","33,71","0,08","32,79","33,89","34,12M"
"24/09/2018","34,79","33,69","-3,13","33,64","34,97","44,46M"
"21/09/2018","34,02","34,78","3,67","33,81","35,22","89,24M"
"20/09/2018","33,78","33,54","0,37","33,36","34,13","45,69M"
"19/09/2018","33,64","33,42","-1,09","33,07","34,13","41,80M"
"18/09/2018","32,76","33,79","2,47","32,74","34,26","74,85M"
"17/09/2018","32,54","32,98","1,87","32,13","33,17","36,67M"
"14/09/2018","31,99","32,37","1,19","31,54","32,58","33,74M"
"13/09/2018","31,90","31,99","0,99","31,54","32,17","74,18M"
"12/09/2018","31,61","31,68","1,06","31,38","32,22","59,70M"
"11/09/2018","31,99","31,35","-4,20","31,17","32,39","65,22M"
"10/09/2018","33,17","32,72","0,64","32,36","33,47","31,90M"
"06/09/2018","31,92","32,51","2,57","31,50","32,62","30,91M"
"05/09/2018","31,54","31,70","0,00","31,18","31,95","35,13M"
"04/09/2018","32,25","31,70","-2,14","31,54","32,43","44,49M"
"03/09/2018","32,26","32,39","-1,21","32,19","32,81","14,15M"
"31/08/2018","32,22","32,79","1,02","32,13","33,19","50,05M"
"30/08/2018","33,62","32,45","-3,52","32,39","33,62","54,14M"
"29/08/2018","32,80","33,64","3,17","32,72","33,84","61,15M"
"28/08/2018","32,66","32,61","-1,04","32,37","32,98","30,77M"
"27/08/2018","32,13","32,95","2,60","32,13","33,05","23,34M"
"24/08/2018","32,57","32,11","-0,03","32,10","33,09","35,46M"
"23/08/2018","33,29","32,12","-3,50","32,06","33,53","43,17M"
"22/08/2018","32,00","33,29","3,05","31,87","33,43","79,42M"
"21/08/2018","32,79","32,30","-2,38","32,05","33,19","64,35M"
"20/08/2018","32,64","33,09","0,46","32,57","33,27","43,27M"
"17/08/2018","33,18","32,94","-1,81","32,64","33,42","50,51M"
"16/08/2018","33,71","33,54","-0,59","33,16","34,04","40,39M"
"15/08/2018","33,48","33,74","-0,56","33,28","34,02","67,92M"
"14/08/2018","34,44","33,93","0,22","33,45","34,48","47,34M"
"13/08/2018","33,62","33,86","0,79","33,37","34,25","34,94M"
"10/08/2018","34,54","33,59","-3,90","33,59","34,54","63,71M"
"09/08/2018","34,66","34,96","0,08","34,46","35,44","64,24M"
"08/08/2018","34,97","34,93","-0,78","34,59","36,10","91,60M"
"07/08/2018","35,72","35,20","-1,59","34,84","36,10","99,68M"
"06/08/2018","36,34","35,77","-0,97","35,49","36,34","41,26M"
"03/08/2018","34,32","36,12","4,44","34,32","36,12","78,07M"
"02/08/2018","34,30","34,59","0,39","34,07","34,78","42,95M"
"01/08/2018","34,25","34,45","-0,33","34,24","34,91","40,88M"
"31/07/2018","34,76","34,57","-1,11","34,46","35,40","54,98M"
"30/07/2018","34,14","34,96","2,47","34,13","35,06","46,89M"
"27/07/2018","33,26","34,11","2,56","33,26","34,24","106,82M"
"26/07/2018","33,92","33,26","-2,06","33,26","34,39","51,63M"
"25/07/2018","33,45","33,96","5,26","33,35","34,57","84,69M"
"24/07/2018","32,05","32,26","1,89","31,78","32,49","46,83M"
"23/07/2018","32,00","31,67","-1,76","31,58","32,50","42,70M"
"20/07/2018","32,22","32,24","4,00","31,74","32,83","98,45M"
"19/07/2018","30,55","31,00","0,37","30,05","31,00","59,27M"
"18/07/2018","30,81","30,88","-0,37","30,71","31,29","37,63M"
"17/07/2018","29,66","31,00","3,87","29,62","31,41","61,45M"
"16/07/2018","29,66","29,84","-0,03","29,42","30,16","39,25M"
"13/07/2018","29,99","29,85","0,10","29,48","30,22","38,26M"
"12/07/2018","28,52","29,82","5,64","28,52","29,97","76,55M"
"11/07/2018","28,11","28,23","0,40","27,94","28,51","40,15M"
"10/07/2018","28,61","28,11","-0,40","27,97","28,99","33,77M"
"06/07/2018","27,67","28,23","1,12","27,66","28,46","28,77M"
"05/07/2018","28,44","27,92","-1,47","27,64","28,58","34,61M"
"04/07/2018","27,93","28,33","2,24","27,76","28,64","13,18M"
"03/07/2018","27,76","27,71","1,07","27,45","28,54","21,38M"
"02/07/2018","27,19","27,42","-0,72","27,14","27,55","13,87M"
"29/06/2018","27,24","27,62","1,67","27,24","27,85","30,16M"
"28/06/2018","26,67","27,16","1,16","26,67","27,44","26,08M"
"27/06/2018","27,49","26,85","-1,76","26,41","27,62","40,22M"
"26/06/2018","27,73","27,33","-0,38","26,80","27,73","40,08M"
"25/06/2018","28,16","27,44","-3,45","27,23","28,47","64,47M"
"22/06/2018","27,83","28,42","2,73","27,34","28,42","34,39M"
"21/06/2018","28,75","27,66","-4,99","27,65","28,98","43,44M"
"20/06/2018","28,89","29,11","1,45","28,32","29,46","64,93M"
"19/06/2018","27,10","28,70","5,36","27,03","29,29","109,25M"
"18/06/2018","27,39","27,24","-2,33","26,77","27,61","105,85M"
"15/06/2018","27,33","27,89","0,65","26,82","27,89","149,73M"
"14/06/2018","28,47","27,71","-3,61","27,66","29,15","90,37M"
"13/06/2018","29,12","28,75","-0,59","27,90","29,22","128,67M"
"12/06/2018","28,75","28,92","-1,03","28,07","29,36","97,71M"
"11/06/2018","30,07","29,22","-3,13","28,93","30,23","108,81M"
"08/06/2018","30,17","30,16","-0,50","29,59","30,89","117,04M"
"07/06/2018","31,19","30,31","-5,41","28,09","31,29","164,60M"
"06/06/2018","32,52","32,05","-3,02","31,40","32,79","145,31M"
"05/06/2018","33,51","33,04","-1,96","33,01","34,38","87,96M"
"04/06/2018","33,08","33,70","2,08","33,05","34,04","75,78M"
"01/06/2018","32,27","33,02","3,70","31,67","33,05","73,19M"
"30/05/2018","31,22","31,84","0,99","31,15","31,85","104,00M"
"29/05/2018","31,87","31,53","0,18","31,32","32,32","84,58M"
"28/05/2018","32,27","31,47","-3,66","30,96","32,71","36,62M"
"25/05/2018","33,11","32,67","-1,31","32,43","33,33","29,45M"
"24/05/2018","33,08","33,10","-0,03","32,26","33,13","43,40M"
"23/05/2018","32,88","33,11","-0,62","32,80","33,65","61,26M"
"22/05/2018","33,69","33,32","0,28","32,94","33,81","40,15M"
"21/05/2018","33,19","33,22","-0,70","32,57","33,99","88,44M"
"18/05/2018","33,16","33,46","0,17","32,23","33,47","115,37M"
"17/05/2018","34,59","33,40","-4,16","33,40","34,99","94,40M"
"16/05/2018","33,44","34,85","3,12","33,43","34,96","53,24M"
"15/05/2018","33,42","33,80","-1,29","33,32","34,18","43,38M"
"14/05/2018","34,66","34,24","-0,49","34,00","34,70","52,42M"
"11/05/2018","34,87","34,41","-1,59","34,10","35,22","31,92M"
"10/05/2018","33,77","34,97","3,95","33,75","34,97","57,53M"
"09/05/2018","33,68","33,64","0,20","33,09","33,84","66,33M"
"08/05/2018","33,95","33,57","-1,06","33,18","33,98","58,34M"
"07/05/2018","34,40","33,93","-0,85","33,76","34,63","47,04M"
"04/05/2018","33,85","34,22","0,42","33,62","34,36","28,49M"
"03/05/2018","34,83","34,08","-2,01","33,83","34,83","49,64M"
"02/05/2018","35,53","34,78","-3,17","34,78","35,77","40,05M"
"30/04/2018","35,98","35,92","-0,29","35,77","36,54","63,39M"
"27/04/2018","36,18","36,02","0,53","35,95","36,42","51,73M"
"26/04/2018","36,03","35,83","-0,13","35,78","36,35","55,45M"
"25/04/2018","37,40","35,88","-3,06","35,68","37,56","60,61M"
"24/04/2018","37,37","37,01","0,15","36,99","38,45","168,08M"
"23/04/2018","36,66","36,96","0,90","36,17","37,06","36,43M"
"20/04/2018","36,67","36,63","-1,12","36,41","36,95","26,33M"
"19/04/2018","36,96","37,04","0,43","36,42","37,21","45,39M"
"18/04/2018","35,86","36,88","3,35","35,82","37,02","72,56M"
"17/04/2018","35,67","35,68","0,72","35,26","35,97","40,87M"
"16/04/2018","36,85","35,43","-3,12","35,10","36,85","78,39M"
"13/04/2018","37,03","36,57","-1,52","36,24","37,12","43,08M"
"12/04/2018","36,99","37,13","1,03","36,92","37,45","50,97M"
"11/04/2018","36,19","36,76","1,96","35,72","36,88","40,98M"
"10/04/2018","36,43","36,05","0,08","35,95","36,53","58,28M"
"09/04/2018","36,59","36,02","-1,55","35,82","36,73","63,17M"
"06/04/2018","37,26","36,59","-1,82","36,13","37,26","132,12M"
"05/04/2018","37,58","37,27","0,43","37,22","37,95","47,57M"
"04/04/2018","36,92","37,11","-0,95","36,49","37,16","51,80M"
"03/04/2018","37,51","37,46","1,01","37,09","37,75","43,15M"
"02/04/2018","37,38","37,09","-1,00","37,09","37,65","43,52M"
"29/03/2018","36,11","37,46","4,45","35,91","37,55","97,58M"
"28/03/2018","35,17","35,87","1,62","35,09","36,05","77,08M"
"27/03/2018","35,29","35,30","0,00","35,10","35,91","33,37M"
"26/03/2018","35,15","35,30","1,43","34,74","35,34","24,01M"
"23/03/2018","34,54","34,80","-0,62","34,41","35,37","38,37M"
"22/03/2018","35,12","35,01","-0,29","34,62","35,42","42,28M"
"21/03/2018","35,39","35,12","-0,69","34,85","35,62","98,05M"
"20/03/2018","35,20","35,36","0,83","34,92","35,37","73,45M"
"19/03/2018","34,95","35,07","-0,77","34,59","35,26","59,99M"
"16/03/2018","34,83","35,34","1,48","34,76","35,46","106,89M"
"15/03/2018","34,71","34,83","-0,19","34,27","35,27","64,81M"
"14/03/2018","34,45","34,89","1,20","34,45","34,91","34,90M"
"13/03/2018","35,18","34,48","-1,40","34,27","35,18","49,62M"
"12/03/2018","34,70","34,97","1,11","34,54","35,17","40,15M"
"09/03/2018","34,23","34,58","1,01","34,14","34,83","33,82M"
"08/03/2018","34,51","34,23","-0,36","33,79","34,80","33,78M"
"07/03/2018","34,25","34,36","0,30","33,88","34,38","49,39M"
"06/03/2018","34,56","34,25","-0,87","34,19","34,99","45,44M"
"05/03/2018","34,37","34,55","0,55","34,32","34,89","35,91M"
"02/03/2018","34,02","34,37","0,11","33,75","34,46","30,24M"
"01/03/2018","34,26","34,33","-0,54","34,11","34,83","67,77M"
"28/02/2018","35,80","34,52","-2,93","34,52","35,82","86,29M"
"27/02/2018","35,91","35,56","-0,97","35,32","36,38","72,17M"
"26/02/2018","35,80","35,91","0,47","35,74","36,50","84,37M"
"23/02/2018","35,10","35,74","2,20","34,90","35,74","54,78M"
"22/02/2018","34,57","34,97","1,55","34,57","35,06","42,67M"
"21/02/2018","34,03","34,43","1,21","34,02","35,11","163,27M"
"20/02/2018","33,14","34,02","-0,96","33,04","34,07","73,68M"
"19/02/2018","34,53","34,35","-0,14","34,01","34,61","11,43M"
"16/02/2018","34,36","34,39","0,71","33,84","34,54","28,35M"
"15/02/2018","34,18","34,15","1,03","33,97","34,56","29,66M"
"14/02/2018","33,02","33,80","3,54","33,00","34,11","53,11M"
"09/02/2018","32,87","32,65","-1,56","32,32","33,19","63,18M"
"08/02/2018","33,42","33,16","-0,48","32,82","33,75","59,61M"
"07/02/2018","33,61","33,32","-1,91","33,12","34,13","63,32M"
"06/02/2018","32,62","33,97","3,64","32,12","34,03","53,44M"
"05/02/2018","33,87","32,78","-4,07","32,78","34,07","40,93M"
"02/02/2018","34,06","34,17","-0,55","33,61","34,43","61,71M"
"01/02/2018","33,56","34,36","2,12","33,50","34,58","60,38M"
"31/01/2018","34,66","33,64","0,53","33,64","34,92","97,77M"
"30/01/2018","33,65","33,46","-0,20","32,78","33,68","55,94M"
"29/01/2018","34,26","33,53","-2,64","33,42","34,44","32,99M"
"26/01/2018","33,10","34,44","4,38","33,10","34,44","95,45M"
"24/01/2018","31,73","33,00","4,71","31,71","33,00","101,56M"
"23/01/2018","31,47","31,51","0,24","30,87","31,73","34,05M"
"22/01/2018","31,44","31,44","2,51","30,58","31,44","36,45M"
"19/01/2018","30,71","30,67","0,49","30,41","30,81","26,98M"
"18/01/2018","30,61","30,52","-0,70","30,23","30,89","23,39M"
"17/01/2018","30,55","30,73","1,08","30,29","30,79","28,69M"
"16/01/2018","30,61","30,40","-0,18","30,37","30,73","27,10M"
"15/01/2018","30,46","30,46","-0,18","30,46","30,84","10,72M"
"12/01/2018","30,41","30,52","-0,49","30,37","30,82","34,02M"
"11/01/2018","30,25","30,67","1,49","30,16","30,67","24,14M"
"10/01/2018","30,11","30,22","-0,19","29,98","30,46","22,33M"
"09/01/2018","30,34","30,27","-0,71","29,96","30,48","35,71M"
"08/01/2018","30,49","30,49","-0,60","29,68","30,54","57,44M"
"05/01/2018","30,60","30,67","1,07","30,35","30,72","164,00M"
"04/01/2018","30,21","30,35","1,20","30,04","30,52","42,09M"
"03/01/2018","30,21","29,99","-0,82","29,99","30,48","37,91M"
"02/01/2018","29,84","30,24","2,67","29,78","30,24","37,79M"
"28/12/2017","29,34","29,45","0,35","29,05","29,47","34,44M"
"27/12/2017","29,40","29,35","-0,69","29,34","29,66","12,44M"
"26/12/2017","29,10","29,56","0,60","29,10","29,71","19,59M"
"22/12/2017","29,47","29,38","-1,49","29,02","29,67","28,98M"
"21/12/2017","28,69","29,82","4,03","28,44","29,82","42,71M"
"20/12/2017","28,92","28,67","0,06","28,66","29,01","16,35M"
"19/12/2017","29,01","28,65","-2,05","28,50","29,39","30,09M"
"18/12/2017","29,77","29,25","-0,19","28,97","29,77","83,85M"
"15/12/2017","29,15","29,31","-0,53","29,15","30,27","62,18M"
"14/12/2017","29,33","29,46","-0,81","29,13","29,57","71,21M"
"13/12/2017","30,26","29,70","-1,53","29,36","30,68","80,10M"
"12/12/2017","29,61","30,17","1,78","29,19","30,17","55,79M"
"11/12/2017","29,73","29,64","0,25","29,37","29,92","59,02M"
"08/12/2017","29,21","29,57","2,40","29,09","29,57","59,53M"
"07/12/2017","28,28","28,87","0,52","27,75","29,19","70,20M"
"06/12/2017","27,97","28,72","1,93","27,63","28,72","36,92M"
"05/12/2017","27,98","28,18","0,53","27,87","28,96","111,77M"
"04/12/2017","27,31","28,03","3,69","27,02","28,24","65,11M"
"01/12/2017","26,66","27,03","1,25","26,40","27,03","48,77M"
"30/11/2017","27,06","26,70","-1,87","26,54","27,12","96,33M"
"29/11/2017","27,63","27,21","-1,51","27,07","27,87","43,27M"
"28/11/2017","28,17","27,63","-1,39","27,46","28,32","42,79M"
"27/11/2017","28,07","28,01","-0,52","27,72","28,08","41,00M"
"24/11/2017","28,16","28,16","0,83","27,86","28,22","23,77M"
"23/11/2017","27,98","27,93","-1,02","27,63","28,20","12,53M"
"22/11/2017","27,94","28,22","0,33","27,89","28,52","45,80M"
"21/11/2017","27,95","28,12","0,76","27,87","28,37","46,29M"
"17/11/2017","27,63","27,91","1,21","27,55","28,16","46,10M"
"16/11/2017","26,19","27,58","5,48","26,18","27,74","60,13M"
"14/11/2017","27,11","26,15","-3,94","26,12","27,44","42,28M"
"13/11/2017","27,02","27,22","0,72","26,72","27,44","33,97M"
"10/11/2017","27,14","27,02","-0,24","26,56","27,26","32,00M"
"09/11/2017","27,72","27,09","-3,30","26,90","27,96","52,79M"
"08/11/2017","26,78","28,01","4,59","26,66","28,06","51,19M"
"07/11/2017","26,90","26,78","-1,73","26,71","27,64","61,03M"
"06/11/2017","27,25","27,26","0,10","26,79","27,88","34,90M"
"03/11/2017","26,87","27,23","1,38","26,66","27,93","68,22M"
"01/11/2017","26,77","26,86","1,61","26,58","27,54","80,55M"
"31/10/2017","27,26","26,43","-3,02","26,38","27,35","82,47M"
"30/10/2017","27,63","27,26","-1,83","27,10","27,76","65,46M"
"27/10/2017","27,63","27,76","1,01","27,35","27,99","63,70M"
"26/10/2017","27,49","27,49","-3,60","27,49","29,41","121,49M"
"25/10/2017","28,31","28,51","1,35","27,79","28,74","43,49M"
"24/10/2017","27,76","28,13","1,33","27,76","28,29","29,29M"
"23/10/2017","28,06","27,76","0,00","27,30","28,06","38,06M"
"20/10/2017","28,03","27,76","-0,46","27,66","28,12","63,42M"
"19/10/2017","28,18","27,89","-1,24","27,64","28,30","32,45M"
"18/10/2017","n/d","28,24","0,00","28,00","28,62","60,03M"
"17/10/2017","28,69","28,24","-1,55","28,12","29,09","47,40M"
"16/10/2017","28,00","28,69","3,95","27,95","29,20","115,91M"
"13/10/2017","27,72","27,60","0,57","26,78","27,88","60,91M"
"11/10/2017","28,02","27,44","-1,88","27,27","28,34","58,79M"
"10/10/2017","27,02","27,97","3,81","27,02","28,01","82,74M"
"09/10/2017","26,29","26,94","1,79","26,17","27,13","78,22M"
"06/10/2017","25,75","26,47","1,34","25,71","26,57","75,20M"
"05/10/2017","25,75","26,12","1,87","25,75","26,58","62,22M"
"04/10/2017","26,03","25,64","-1,38","25,51","26,30","41,92M"
"03/10/2017","25,44","26,00","2,24","25,44","26,15","52,11M"
"02/10/2017","25,35","25,43","0,04","25,04","25,52","49,14M"
"29/09/2017","25,19","25,42","1,25","24,96","25,65","51,95M"
"28/09/2017","25,35","25,11","-1,09","25,06","25,69","32,53M"
"27/09/2017","25,64","25,38","-0,76","25,25","25,82","32,78M"
"26/09/2017","25,98","25,58","-1,59","25,58","26,17","42,84M"
"25/09/2017","26,49","25,99","-1,57","25,92","26,56","33,04M"
"22/09/2017","25,87","26,40","2,06","25,75","26,63","30,08M"
"21/09/2017","25,87","25,87","-1,02","25,62","26,32","52,65M"
"20/09/2017","26,37","26,14","-0,63","25,50","26,45","60,34M"
"19/09/2017","26,47","26,30","-0,63","26,16","26,65","44,41M"
"18/09/2017","26,47","26,47","0,07","26,03","26,52","58,19M"
"15/09/2017","25,93","26,45","2,13","25,75","26,57","85,11M"
"14/09/2017","26,65","25,90","-2,29","25,55","26,75","101,69M"
"13/09/2017","26,59","26,50","0,07","26,35","26,86","71,53M"
"12/09/2017","26,95","26,49","-1,06","26,49","27,18","89,51M"
"11/09/2017","26,62","26,77","1,68","26,42","26,96","83,07M"
"08/09/2017","26,61","26,33","-1,51","26,00","26,72","39,95M"
"06/09/2017","26,15","26,73","2,72","26,11","26,84","52,17M"
"05/09/2017","26,53","26,03","-0,53","25,64","26,61","46,67M"
"04/09/2017","25,94","26,16","0,71","25,69","26,34","20,78M"
"01/09/2017","25,85","25,98","0,75","25,85","26,38","26,50M"
"31/08/2017","26,11","25,79","-0,78","25,54","26,21","43,48M"
"30/08/2017","25,92","25,99","0,03","25,76","26,39","58,62M"
"29/08/2017","25,98","25,98","0,57","25,51","25,98","15,49M"
"28/08/2017","25,83","25,83","0,00","25,67","26,14","22,52M"
"25/08/2017","26,07","25,83","-0,18","25,58","26,12","21,25M"
"24/08/2017","25,84","25,88","0,50","25,48","26,07","38,21M"
"23/08/2017","25,40","25,75","0,97","25,22","25,75","25,12M"
"22/08/2017","25,29","25,50","2,14","25,19","25,70","37,53M"
"21/08/2017","25,13","24,97","-0,91","24,97","25,46","30,27M"
"18/08/2017","24,92","25,20","1,67","24,71","25,36","24,49M"
"17/08/2017","25,46","24,78","-2,92","24,78","25,46","23,61M"
"16/08/2017","25,55","25,53","0,84","25,12","25,60","56,49M"
"15/08/2017","25,53","25,32","-0,97","25,32","25,97","32,12M"
"14/08/2017","25,24","25,57","1,83","24,92","25,61","34,47M"
"11/08/2017","24,78","25,11","2,06","24,29","25,23","29,74M"
"10/08/2017","24,84","24,60","-0,89","24,20","24,86","25,73M"
"09/08/2017","24,74","24,82","-0,59","24,55","25,00","31,14M"
"08/08/2017","24,42","24,97","2,34","24,28","25,56","66,06M"
"07/08/2017","24,05","24,40","1,34","23,86","24,50","25,17M"
"04/08/2017","24,03","24,08","0,27","23,91","24,18","13,52M"
"03/08/2017","24,18","24,01","-0,79","23,79","24,38","26,67M"
"02/08/2017","23,52","24,20","2,48","23,52","24,20","27,41M"
"01/08/2017","23,39","23,62","1,18","23,28","23,86","45,65M"
"31/07/2017","23,43","23,34","-0,39","23,24","23,58","22,17M"
"28/07/2017","23,93","23,43","-1,80","23,17","24,05","43,88M"
"27/07/2017","23,83","23,86","0,54","23,55","23,92","23,69M"
"26/07/2017","23,52","23,74","1,37","23,22","23,86","37,83M"
"25/07/2017","23,22","23,41","1,35","23,09","23,41","29,52M"
"24/07/2017","23,68","23,10","-2,43","22,82","23,69","46,94M"
"21/07/2017","23,80","23,68","-0,46","23,47","23,90","13,86M"
"20/07/2017","23,95","23,79","-0,19","23,69","24,06","9,18M"
"19/07/2017","24,61","23,84","-3,37","23,81","24,64","28,53M"
"18/07/2017","24,48","24,67","0,97","24,35","24,67","19,80M"
"17/07/2017","24,44","24,43","-0,04","24,22","24,61","15,40M"
"14/07/2017","24,66","24,44","-0,67","24,39","24,81","12,04M"
"13/07/2017","24,50","24,60","0,00","24,27","24,69","28,97M"
"12/07/2017","24,20","24,60","2,71","23,96","24,61","38,33M"
"11/07/2017","23,46","23,95","2,07","23,34","23,95","21,29M"
"10/07/2017","23,27","23,47","1,02","23,06","23,49","17,19M"
"07/07/2017","23,03","23,23","1,11","23,01","23,40","20,58M"
"06/07/2017","23,42","22,98","-1,61","22,92","23,48","19,46M"
"05/07/2017","23,35","23,35","0,31","22,97","23,50","20,84M"
"04/07/2017","23,33","23,28","-0,35","23,13","23,74","11,79M"
"03/07/2017","23,02","23,36","2,12","22,96","23,36","10,12M"
"30/06/2017","22,82","22,88","1,05","22,54","23,06","19,97M"
"29/06/2017","22,69","22,64","-0,08","22,34","22,84","14,61M"
"28/06/2017","22,89","22,66","-0,44","22,46","22,98","10,50M"
"27/06/2017","23,16","22,76","-2,55","22,76","23,32","25,23M"
"26/06/2017","22,80","23,35","2,24","22,61","23,35","37,86M"
"23/06/2017","22,76","22,84","0,28","22,55","22,84","14,65M"
"22/06/2017","22,69","22,77","-0,04","22,60","22,94","19,97M"
"21/06/2017","22,65","22,78","0,65","22,49","22,86","19,57M"
"20/06/2017","22,88","22,64","-1,67","22,62","22,98","39,12M"
"19/06/2017","22,77","23,02","0,88","22,53","23,06","32,48M"
"16/06/2017","22,47","22,82","0,08","22,39","22,84","91,52M"
"14/06/2017","22,51","22,80","1,88","22,43","23,09","51,99M"
"13/06/2017","22,44","22,38","-0,25","22,03","22,54","27,65M"
"12/06/2017","22,65","22,44","-0,37","21,79","22,66","50,50M"
"09/06/2017","23,39","22,52","-3,41","22,49","23,65","42,24M"
"08/06/2017","23,84","23,31","-3,04","23,26","23,87","24,43M"
"07/06/2017","23,72","24,05","2,02","23,51","24,06","36,95M"
"06/06/2017","23,52","23,57","0,31","23,27","23,63","28,97M"
"05/06/2017","22,64","23,50","2,80","22,51","23,58","33,45M"
"02/06/2017","22,77","22,86","0,65","22,48","23,10","25,72M"
"01/06/2017","23,28","22,71","-2,44","22,71","23,57","35,28M"
"31/05/2017","23,62","23,28","-1,43","22,98","23,68","65,26M"
"30/05/2017","23,42","23,62","0,82","23,17","23,62","20,57M"
"29/05/2017","23,42","23,42","-0,62","23,12","23,42","17,24M"
"26/05/2017","23,12","23,57","2,83","23,06","23,57","55,24M"
"25/05/2017","23,94","22,92","-2,64","22,74","23,94","34,72M"
"24/05/2017","23,61","23,54","0,51","23,44","24,08","38,80M"
"23/05/2017","22,97","23,42","2,28","22,97","23,52","26,42M"
"22/05/2017","22,89","22,90","-1,30","22,13","23,20","61,39M"
"19/05/2017","22,98","23,20","2,30","22,98","24,05","95,15M"
"18/05/2017","20,86","22,68","-11,15","20,82","22,85","127,97M"
"17/05/2017","25,99","25,53","-1,90","25,20","25,99","43,95M"
"16/05/2017","26,63","26,02","-1,83","25,89","26,75","46,14M"
"15/05/2017","26,50","26,51","1,12","26,15","26,57","45,35M"
"12/05/2017","25,24","26,21","3,62","25,19","26,30","92,09M"
"11/05/2017","25,44","25,30","-0,54","24,94","25,60","52,30M"
"10/05/2017","25,53","25,44","0,83","25,07","25,62","57,43M"
"09/05/2017","25,43","25,23","0,44","25,02","25,49","23,38M"
"08/05/2017","25,41","25,12","-1,19","24,89","25,45","34,32M"
"05/05/2017","24,44","25,42","5,07","24,11","25,52","47,14M"
"04/05/2017","24,71","24,19","-2,03","24,05","25,03","43,65M"
"03/05/2017","25,64","24,69","-4,30","24,58","25,86","77,70M"
"02/05/2017","25,00","25,80","3,36","25,00","25,80","65,93M"
"28/04/2017","24,28","24,97","2,50","24,13","24,97","71,09M"
"27/04/2017","24,27","24,36","0,68","24,15","24,47","61,73M"
"26/04/2017","24,36","24,19","1,41","24,03","24,39","109,79M"
"25/04/2017","23,45","23,86","1,98","23,33","24,03","82,36M"
"24/04/2017","23,40","23,39","1,26","23,21","23,65","52,51M"
"20/04/2017","23,22","23,10","1,08","22,87","23,32","46,87M"
"19/04/2017","23,20","22,85","-0,32","22,84","23,42","61,82M"
"18/04/2017","22,40","22,93","3,37","22,25","23,09","95,81M"
"17/04/2017","21,70","22,18","2,48","21,59","22,18","59,48M"
"13/04/2017","22,22","21,64","-2,58","21,64","22,35","40,87M"
"12/04/2017","22,75","22,22","-1,77","22,20","22,76","68,55M"
"11/04/2017","22,84","22,62","0,28","22,17","22,84","42,95M"
"10/04/2017","23,05","22,55","-1,43","22,43","23,27","37,71M"
"07/04/2017","22,98","22,88","-0,04","22,77","23,16","121,13M"
"06/04/2017","23,59","22,89","-3,79","22,66","23,79","206,03M"
"05/04/2017","25,01","23,79","-5,08","23,72","25,39","76,45M"
"04/04/2017","25,22","25,07","-0,58","24,98","25,41","27,07M"
"03/04/2017","25,36","25,21","0,14","24,71","25,49","45,29M"
"31/03/2017","25,67","25,18","-1,92","25,18","26,00","34,40M"
"30/03/2017","25,24","25,67","1,84","25,20","25,95","63,04M"
"29/03/2017","26,04","25,20","-2,36","24,97","26,13","82,07M"
"28/03/2017","25,90","25,81","-7,41","25,65","26,90","183,62M"
"27/03/2017","27,95","27,88","-0,26","27,55","28,13","38,80M"
"24/03/2017","27,77","27,95","-0,07","27,64","28,14","42,07M"
"23/03/2017","27,46","27,97","1,19","27,46","28,15","65,74M"
"22/03/2017","27,77","27,64","-1,59","27,52","28,41","64,60M"
"21/03/2017","28,68","28,09","-2,47","27,89","29,21","29,01M"
"20/03/2017","28,19","28,80","1,54","28,19","29,40","35,86M"
"17/03/2017","29,32","28,36","-1,89","28,36","29,63","76,54M"
"16/03/2017","29,71","28,91","-1,70","28,85","29,94","42,66M"
"15/03/2017","29,25","29,41","0,97","28,89","29,69","44,90M"
"14/03/2017","29,05","29,13","-0,96","29,05","29,71","35,80M"
"13/03/2017","28,98","29,41","1,96","28,80","29,66","36,59M"
"10/03/2017","29,38","28,85","-1,00","28,67","30,01","65,62M"
"09/03/2017","29,14","29,14","-1,99","29,01","29,77","41,73M"
"08/03/2017","31,00","29,73","-3,49","29,67","31,00","46,85M"
"07/03/2017","30,80","30,80","-1,34","30,60","31,59","28,94M"
"06/03/2017","31,22","31,22","-1,21","31,22","31,88","32,37M"
"03/03/2017","31,08","31,60","1,88","31,08","31,87","27,74M"
"02/03/2017","31,05","31,02","-1,25","30,83","31,47","48,37M"
"01/03/2017","31,80","31,41","0,41","31,16","31,92","39,09M"
"24/02/2017","31,43","31,29","-0,46","30,98","31,97","44,29M"
"23/02/2017","32,19","31,43","-2,15","31,33","32,71","32,48M"
"22/02/2017","31,87","32,12","0,23","31,69","32,18","37,62M"
"21/02/2017","31,11","32,05","2,59","30,96","32,05","51,50M"
"20/02/2017","31,18","31,24","-0,72","30,78","31,52","45,57M"
"17/02/2017","31,77","31,47","-0,95","31,19","31,95","34,85M"
"16/02/2017","32,24","31,77","-2,27","31,61","32,90","54,86M"
"15/02/2017","31,42","32,51","4,23","31,41","32,84","52,28M"
"14/02/2017","32,14","31,19","-3,68","31,19","32,40","52,43M"
"13/02/2017","31,59","32,38","3,10","31,16","32,58","32,42M"
"10/02/2017","29,60","31,40","5,80","29,60","31,63","47,34M"
"09/02/2017","29,14","29,68","2,13","29,09","30,09","36,80M"
"08/02/2017","28,77","29,06","1,01","28,40","29,14","24,43M"
"07/02/2017","29,41","28,77","-0,94","28,75","29,45","24,74M"
"06/02/2017","29,55","29,05","-1,21","28,89","29,55","18,47M"
"03/02/2017","29,32","29,40","0,62","28,73","29,64","30,86M"
"02/02/2017","28,95","29,22","0,53","28,70","29,47","15,72M"
"01/02/2017","28,60","29,06","1,95","28,55","29,27","21,96M"
"31/01/2017","27,95","28,51","1,59","27,68","28,59","22,11M"
"30/01/2017","28,78","28,06","-2,50","27,98","28,78","16,41M"
"27/01/2017","29,00","28,78","-0,91","28,78","29,15","23,96M"
"26/01/2017","29,27","29,05","2,51","28,74","29,32","33,00M"
"24/01/2017","29,14","28,34","-1,98","28,12","29,15","34,55M"
"23/01/2017","28,30","28,91","2,95","28,13","29,05","24,05M"
"20/01/2017","27,82","28,08","1,75","27,50","28,49","26,38M"
"19/01/2017","28,65","27,60","-3,10","27,50","28,71","47,72M"
"18/01/2017","29,56","28,48","-3,67","28,34","29,56","34,45M"
"17/01/2017","28,75","29,56","2,27","28,46","29,76","51,52M"
"16/01/2017","28,60","28,91","1,53","28,31","29,05","21,19M"
"13/01/2017","28,67","28,47","-0,32","28,13","28,85","32,92M"
"12/01/2017","27,94","28,56","5,02","27,66","28,76","49,83M"
"11/01/2017","27,32","27,20","0,64","26,24","27,35","35,79M"
"10/01/2017","27,26","27,02","-0,17","26,86","27,33","22,07M"
"09/01/2017","26,43","27,07","1,36","26,04","27,27","44,49M"
"06/01/2017","26,82","26,71","-0,44","26,33","26,82","21,73M"
"05/01/2017","26,87","26,82","0,12","26,39","27,08","28,31M"
"04/01/2017","26,32","26,79","0,46","26,32","26,79","30,17M"
"03/01/2017","26,10","26,67","3,56","25,99","26,67","37,94M"
"02/01/2017","25,78","25,75","-0,10","25,53","26,15","13,61M"